Site,Sample_ID,Date,Species,Pollen,Sample_no,Who,Buffer,Date,Epoch,RNA,NFW,Date,Target_RNA,DF
Goe1070,Goe1070S1,7.22,Andrena flavipes,yes,1,C,300,19.5.23,452.988,1.77,8.23,23.5.23,800,10
Goe1070,Goe1070S2,7.22,Andrena flavipes,no,2,C,300,19.5.23,511.032,1.57,8.43,23.5.23,800,10
Goe1070,Goe1070S3,7.22,Andrena flavipes,yes,3,C,300,19.5.23,824.039,0.97,9.03,23.5.23,800,10
Goe1070,Goe1070S4,7.22,Andrena bicolor,yes,4,C,300,19.5.23,493.471,1.62,8.38,23.5.23,800,10
Goe1070,Goe1070S5,7.22,Andrena flavipes,yes,5,C,300,19.5.23,376.623,2.12,7.88,23.5.23,800,10
Goe1070,Goe1070S6,7.22,Andrena flavipes,yes,6,C,300,19.5.23,269.314,2.97,7.03,23.5.23,800,10
Goe1070,Goe1070S7,7.22,Andrena flavipes,yes,7,C,300,19.5.23,523.656,1.53,8.47,23.5.23,800,10
Goe1070,Goe1070S8,7.22,Andrena flavipes,no,8,C,300,19.5.23,797.971,1.00,9.00,23.5.23,800,10
Goe1070,Goe1070S9,7.22,Andrena flavipes,no,9,C,300,19.5.23,937.779,0.85,9.15,23.5.23,800,10
Goe1070,Goe1070S10,7.22,Andrena gravida,yes,10,C,300,19.5.23,615.993,1.30,8.70,23.5.23,800,10
Goe1214,Goe1214S1,7.22,Andrena flavipes,yes,1,C,300,19.5.23,745.574,1.07,8.93,23.5.23,800,10
Goe1214,Goe1214S2,7.22,Andrena flavipes,yes,2,C,300,19.5.23,686.887,1.16,8.84,23.5.23,800,10
Goe1214,Goe1214S3,7.22,Andrena flavipes,yes,3,C,300,19.5.23,793.23,1.01,8.99,23.5.23,800,10
Goe1214,Goe1214S4,7.22,Andrena flavipes,yes,4,C,300,19.5.23,561.356,1.43,8.57,23.5.23,800,10
Goe1214,Goe1214S5,7.22,Andrena flavipes,yes,5,C,300,19.5.23,683.505,1.17,8.83,23.5.23,800,10
Goe1214,Goe1214S6,7.22,Andrena flavipes,yes,6,C,300,19.5.23,727.441,1.10,8.90,23.5.23,800,10
Goe1214,Goe1214S7,7.22,Andrena flavipes,yes,7,C,300,19.5.23,411.479,1.94,8.06,23.5.23,800,10
Goe1214,Goe1214S8,7.22,Andrena flavipes,yes,8,C,300,19.5.23,660.368,1.21,8.79,23.5.23,800,10
Goe1214,Goe1214S9,7.22,Andrena flavipes,yes,9,C,300,19.5.23,249.683,3.20,6.80,23.5.23,800,10
Goe1214,Goe1214S10,7.22,Andrena flavipes,yes,10,C,300,19.5.23,804.312,0.99,9.01,23.5.23,800,10
Goe1227,Goe1227S1,7.22,Andrena flavipes,yes,1,C,300,19.5.23,460.225,1.74,8.26,23.5.23,800,10
Goe1227,Goe1227S2,7.22,Andrena flavipes, yes,2,C,300,19.5.23,506.848,1.58,8.42,23.5.23,800,10
Goe1227,Goe1227S3,7.22,Andrena flavipes,no,3,C,300,19.5.23,524.984,1.52,8.48,23.5.23,800,10
Goe1227,Goe1227S4,7.22,Andrena flavipes,no,4,C,300,19.5.23,940.355,0.85,9.15,23.5.23,800,10
Goe1227,Goe1227S5,7.22,Andrena dorsata,no,5,C,300,19.5.23,403.845,1.98,8.02,23.5.23,800,10
Goe1227,Goe1227S6,7.22,Andrena flavipes,no,6,C,300,19.5.23,253.967,3.15,6.85,23.5.23,800,10
Goe1227,Goe1227S7,7.22,Andrena flavipes,yes,7,C,300,19.5.23,968.859,0.83,9.17,23.5.23,800,10
Goe1227,Goe1227S8,7.22,Andrena flavipes,yes,8,C,300,19.5.23,769.767,1.04,8.96,23.5.23,800,10
Goe1227,Goe1227S9,7.22,Andrena flavipes,yes,9,C,300,19.5.23,982.153,0.81,9.19,23.5.23,800,10
Goe1227,Goe1227S10,7.22,Andrena nigroolivacea,yes,10,C,300,19.5.23,328.428,2.44,7.56,23.5.23,800,10
Goe1256,Goe1256S1,7.22,Andrena minutula,no,1,C,200,19.5.23,19.805,8.08,1.92,23.5.23,160,2
Goe1256,Goe1256S2,7.22,Andrena minutula,no,2,C,200,19.5.23,40.499,5.93,4.07,23.5.23,240,3
Goe1256,Goe1256S3,7.22,Andrena minutula,no,3,C,200,19.5.23,14.695,10.89,-0.89,23.5.23,160,2
Goe1256,Goe1256S4,7.22,Andrena minutula,no,4,C,200,19.5.23,43.556,5.51,4.49,23.5.23,240,3
Goe1256,Goe1256S5,7.22,Andrena minutula,no,5,C,200,19.5.23,19.614,8.16,1.84,23.5.23,160,2
Goe1256,Goe1256S6,7.22,Andrena minutula,no,6,C,200,19.5.23,33.08,7.26,2.74,23.5.23,240,3
Goe1256,Goe1256S7,7.22,Sphecodes miniatus,no,7,C,200,19.5.23,31.007,7.74,2.26,23.5.23,240,3
Goe1256,Goe1256S8,7.22,Andrena minutula,no,8,C,200,19.5.23,17.417,9.19,0.81,23.5.23,160,2
Goe1256,Goe1256S9,7.22,Lasioglossum leucopus,no,9,C,200,19.5.23,22.429,7.13,2.87,23.5.23,160,2
Goe1256,Goe1256S10,7.22,Andrena minutula,no,10,C,200,19.5.23,19.446,8.23,1.77,23.5.23,160,2
Goe1256,Goe1256S11,7.22,Andrena dorsata,yes,11,C,200,5.10.23,500.794,1.60,8.40,6.10.23,800,10
Goe1256,Goe1256S12,7.22,Andrena dorsata,yes,12,C,200,5.10.23,510.865,1.57,8.43,6.10.23,800,10
Goe1286,Goe1286S1,7.22,Andrena flavipes,yes,1,C,500,23.5.23,316.841,2.52,7.48,6.9.23,800,10
Goe1286,Goe1286S2,7.22,Andrena flavipes,yes,2,C,500,23.5.23,434.582,1.84,8.16,6.9.23,800,10
Goe1286,Goe1286S3,7.22,Andrena flavipes,yes,3,C,500,23.5.23,500.105,1.60,8.40,6.9.23,800,10
Goe1286,Goe1286S4,7.22,Andrena flavipes,no,4,C,500,23.5.23,435.692,1.84,8.16,6.9.23,800,10
Goe1286,Goe1286S5,7.22,Andrena flavipes,yes,5,C,500,23.5.23,320.654,2.49,7.51,6.9.23,800,10
Goe1286,Goe1286S6,7.22,Andrena flavipes,yes,6,C,500,23.5.23,380.268,2.10,7.90,6.9.23,800,10
Goe1286,Goe1286S7,7.22,Andrena flavipes,no,7,C,500,23.5.23,433.601,1.85,8.15,6.9.23,800,10
Goe1286,Goe1286S8,7.22,Lasioglossum calceatum,no,8,C,500,23.5.23,336.25,2.38,7.62,6.9.23,800,10
Goe1286,Goe1286S9,7.22,Andrena flavipes,yes,9,C,500,23.5.23,271.905,2.94,7.06,6.9.23,800,10
Goe1286,Goe1286S10,7.22,Andrena flavipes,no,10,C,500,23.5.23,391.833,2.04,7.96,6.9.23,800,10
Goe1378,Goe1378S1,7.22,Andrena dorsata,yes,1,C,500,23.5.23,310.071,2.58,7.42,6.9.23,800,10
Goe1378,Goe1378S2,7.22,Lasioglossum pauxillum,no,2,C,200,23.5.23,31.987,7.50,2.50,6.9.23,240,3
Goe1378,Goe1378S3,7.22,Lasioglossum laticeps,no,3,C,200,23.5.23,20.004,8.00,2.00,6.9.23,160,2
Goe1378,Goe1378S4,7.22,Lasioglossum calceatum,no,4,C,300,23.5.23,27.126,8.85,1.15,6.9.23,240,3
Goe1378,Goe1378S5,7.22,Lasioglossum calceatum,no,5,C,300,23.5.23,27.315,8.79,1.21,6.9.23,240,3
Goe1378,Goe1378S6,7.22,Lasioglossum calceatum,no,6,C,300,23.5.23,41.973,4.76,5.24,6.9.23,400,5
Goe1378,Goe1378S7,7.22,Lasioglossum calceatum,no,7,C,300,23.5.23,83.961,7.01,2.99,6.9.23,400,5
Goe1378,Goe1378S8,7.22,Lasioglossum calceatum,no,8,C,300,23.5.23,57.07,8.17,1.83,6.9.23,240,3
Goe1378,Goe1378S9,7.22,Lasioglossum calceatum,no,9,C,300,23.5.23,29.391,5.32,4.68,6.9.23,800,10
Goe1378,Goe1378S10,7.22,Lasioglossum calceatum,yes,10,C,300,23.5.23,150.489,5.32,4.68,6.9.23,800,10
Goe1378,Goe1378S11,7.22,Lasioglossum pauxillum,no,11,C,150,12.12.23,33.013,4.85,5.15,,160,2
Goe1392,Goe1392S1,7.22,Lasioglossum pauxillum,yes,1,C,150,23.5.23,49.162,8.14,1.86,6.9.23,400,5
Goe1392,Goe1392S2,7.22,Lasioglossum pauxillum,yes,2,C,150,23.5.23,91.032,4.39,5.61,6.9.23,400,5
Goe1392,Goe1392S3,7.22,Lasioglossum pauxillum,no,3,C,200,23.5.23,53.747,7.44,2.56,6.9.23,400,5
Goe1392,Goe1392S4,7.22,Seladonia tumulorum,yes,4,C,200,23.5.23,151.692,5.27,4.73,6.9.23,800,10
Goe1392,Goe1392S5,7.22,Andrena flavipes,no,5,C,300,4.9.23,242.039,3.31,6.69,6.9.23,800,10
Goe1392,Goe1392S6,7.22,Andrena flavipes,yes,6,C,500,4.9.23,495.875,1.61,8.39,6.9.23,800,10
Goe1392,Goe1392S7,7.22,Bombus sylvarum,no,7,C,500,4.9.23,459.004,1.74,8.26,6.9.23,800,10
Goe1392,Goe1392S8,7.22,Colletes similis,no,8,C,200,4.9.23,239.681,3.34,6.66,6.9.23,800,10
Goe1392,Goe1392S9,7.22,Andrena wilkella,yes,9,C,200,4.9.23,358.442,2.23,7.77,6.9.23,800,10
Goe1392,Goe1392S10,7.22,Colletes similis,no,10,C,200,4.9.23,212.291,3.77,6.23,6.9.23,800,10
Goe1392,Goe1392S11,7.22,Andrena minutula,no,11,C,150,5.10.23,43.875,3.65,6.35,6.10.23,160,2
Goe1392,Goe1392S12,7.22,Lasioglossum pauxillum,yes,12,C,150,5.10.23,37.119,4.31,5.69,6.10.23,160,2
Goe1392,Goe1392S13,7.22,,no,13,C,150,5.10.23,31.001,5.16,4.84,6.10.23,160,2
Goe1392,Goe1392S14,7.22,Lasioglossum pauxillum,no,14,C,150,5.10.23,43.227,3.70,6.30,6.10.23,160,2
Goe1425,Goe1425S1,7.22,Lasioglossum malachurum,no,1,C,200,4.9.23,189.505,4.22,5.78,6.9.23,800,10
Goe1425,Goe1425S2,7.22,Andrena ovatula,no,2,C,200,4.9.23,312.323,2.56,7.44,6.9.23,800,10
Goe1425,Goe1425S3,7.22,Andrena dorsata,yes,3,C,300,4.9.23,661.627,1.21,8.79,6.9.23,800,10
Goe1425,Goe1425S4,7.22,Lindenius albilabris,no,4,C,150,4.9.23,279.456,2.86,7.14,6.9.23,800,10
Goe1425,Goe1425S5,7.22,Andrena minutula,yes,5,C,150,4.9.23,275.95,2.90,7.10,6.9.23,800,10
Goe1425,Goe1425S6,7.22,Andrena limata,yes,6,C,300,4.9.23,948.9,0.84,9.16,6.9.23,800,10
Goe1425,Goe1425S7,7.22,Lasioglossum calceatum,yes,7,C,200,4.9.23,16.214,9.87,0.13,6.9.23,160,2
Goe1425,Goe1425S8,7.22,Andrena flavipes,no,8,C,300,4.9.23,157.505,5.08,4.92,6.9.23,800,10
Goe1425,Goe1425S9,7.22,Andrena flavipes,yes,9,C,300,4.9.23,443.791,1.80,8.20,6.9.23,800,10
Goe1425,Goe1425S10,7.22,Lasioglossum malachurum,no,10,C,150,4.9.23,76.926,5.20,4.80,6.9.23,400,5
Goe1425,Goe1425S11,7.22,,no,11,C,150,5.10.23,29.761,5.38,4.62,6.10.23,160,2
Goe184,Goe184S1,7.22,Andrena flavipes,no,1,C,300,4.9.23,615.501,1.30,8.70,6.9.23,800,10
Goe184,Goe184S2,7.22,Andrena ovatula,yes,2,C,200,4.9.23,593.562,1.35,8.65,6.9.23,800,10
Goe184,Goe184S3,7.22,Andrena dorsata,yes,3,C,200,4.9.23,511.215,1.56,8.44,6.9.23,800,10
Goe184,Goe184S4,7.22,Andrena wilkella,yes,4,C,300,4.9.23,633.524,1.26,8.74,6.9.23,800,10
Goe184,Goe184S5,7.22,Andrena dorsata,yes,5,C,200,4.9.23,504.736,1.58,8.42,6.9.23,800,10
Goe184,Goe184S6,7.22,Andrena wilkella,no,6,C,300,4.9.23,541.297,1.48,8.52,6.9.23,800,10
Goe184,Goe184S7,7.22,Lasioglossum calceatum,no,7,C,200,4.9.23,154.023,5.19,4.81,6.9.23,800,10
Goe184,Goe184S8,7.22,Lasioglossum calceatum,no,8,C,200,4.9.23,200.423,3.99,6.01,6.9.23,800,10
Goe184,Goe184S9,7.22,Andrena flavipes,yes,9,C,300,4.9.23,859.507,0.93,9.07,6.9.23,800,10
Goe184,Goe184S10,7.22,Andrena wilkella,yes,10,C,300,4.9.23,634.373,1.26,8.74,6.9.23,800,10
Goe184,Goe184S11,7.22,Andrena flavipes,no,11,C,500,5.10.23,701.89,1.14,8.86,6.10.23,800,10
Goe184,Goe184S12,7.22,Andrena flavipes,no,12,C,500,5.10.23,714.675,1.12,8.88,6.10.23,800,10
Goe189,Goe189S1,7.22,Lasioglossum pauxillum,no,1,C,150,4.9.23,77.495,5.16,4.84,6.9.23,400,5
Goe189,Goe189S2,7.22,Lasioglossum pauxillum,no,2,C,150,4.9.23,65.589,3.66,6.34,6.9.23,240,3
Goe189,Goe189S3,7.22,Lasioglossum pauxillum,no,3,C,150,4.9.23,53.875,4.45,5.55,6.9.23,240,3
Goe189,Goe189S4,7.22,Lasioglossum pauxillum,no,4,C,150,4.9.23,45.234,5.31,4.69,6.9.23,240,3
Goe189,Goe189S5,7.22,Lasioglossum nitidiusculum,no,5,C,150,4.9.23,24.46,6.54,3.46,6.9.23,160,2
Goe189,Goe189S6,7.22,Lasioglossum parvulum,no,6,C,150,4.9.23,71.528,5.59,4.41,6.9.23,400,5
Goe189,Goe189S7,7.22,Lasioglossum nitidiusculum,no,7,C,150,4.9.23,12.742,6.28,3.72,6.9.23,80,1
Goe189,Goe189S8,7.22,Lasioglossum pauxillum,no,8,C,150,4.9.23,67.886,3.54,6.46,6.9.23,240,3
Goe189,Goe189S9,7.22,Lasioglossum parvulum,no,9,C,150,4.9.23,51.284,4.68,5.32,6.9.23,240,3
Goe189,Goe189S10,7.22,Lasioglossum calceatum,no,10,C,150,4.9.23,100.169,3.99,6.01,6.9.23,400,5
Goe235,Goe235S1,7.22,Lasioglossum villosulum,yes,1,C,150,4.9.23,137.484,5.82,4.18,6.9.23,800,10
Goe235,Goe235S2,7.22,Lasioglossum calceatum,yes,2,C,200,4.9.23,145.531,5.50,4.50,6.9.23,800,10
Goe235,Goe235S3,7.22,Lasioglossum calceatum,no,3,C,200,4.9.23,182.896,4.37,5.63,6.9.23,800,10
Goe235,Goe235S4,7.22,Lasioglossum villosulum,no,4,C,200,4.9.23,102.204,7.83,2.17,6.9.23,800,10
Goe235,Goe235S5,7.22,Andrena minutula,no,5,C,200,4.9.23,154.671,5.17,4.83,6.9.23,800,10
Goe235,Goe235S6,7.22,Andrena flavipes,no,6,C,200,4.9.23,213.119,3.75,6.25,6.9.23,800,10
Goe235,Goe235S7,7.22,Lasioglossum calceatum,no,7,C,200,4.9.23,16.149,9.91,0.09,6.9.23,160,2
Goe235,Goe235S8,7.22,Lasioglossum villosulum,no,8,C,150,4.9.23,101.848,3.93,6.07,6.9.23,400,5
Goe235,Goe235S9,7.22,Lasioglossum calceatum,no,9,C,200,4.9.23,59.889,6.68,3.32,6.9.23,400,5
Goe235,Goe235S10,7.22,Lasioglossum villosulum,no,10,C,200,4.9.23,71.492,5.60,4.40,6.9.23,400,5
Goe288,Goe288S1,7.22,Halictus scabiosae,no,1,C,300,19.9.23,364.396,2.20,7.80,20.9.23,800,10
Goe288,Goe288S2,7.22,Andrena flavipes,no,2,C,300,19.9.23,618.966,1.29,8.71,20.9.23,800,10
Goe288,Goe288S3,7.22,Lasioglossum calceatum,no,3,C,300,19.9.23,768.565,1.04,8.96,20.9.23,800,10
Goe288,Goe288S4,7.22,Andrena flavipes,no,4,C,300,19.9.23,356.666,2.24,7.76,20.9.23,800,10
Goe288,Goe288S5,7.22,Andrena flavipes,no,5,C,300,19.9.23,437.118,1.83,8.17,20.9.23,800,10
Goe288,Goe288S6,7.22,Andrena flavipes,no,6,C,300,19.9.23,729.682,1.10,8.90,20.9.23,800,10
Goe288,Goe288S7,7.22,Eucera longicornis,no,7,C,500,19.9.23,814.981,0.98,9.02,20.9.23,800,10
Goe288,Goe288S8,7.22,Andrena flavipes,no,8,C,300,19.9.23,403.889,1.98,8.02,20.9.23,800,10
Goe288,Goe288S9,7.22,Andrena flavipes,no,9,C,300,19.9.23,770.694,1.04,8.96,20.9.23,800,10
Goe288,Goe288S10,7.22,Andrena flavipes,no,10,C,300,19.9.23,651.893,1.23,8.77,20.9.23,800,10
Goe288,Goe288S11,7.22,,no,11,C,200,12.12.23,31.317,5.11,4.89,20.9.23,160,2
Goe288,Goe288S12,7.22,Andrena gravida,no,12,C,200,12.12.23,65.308,3.67,6.33,20.9.23,240,3
Goe288,Goe288S13,7.22,Halictus sp.,no,13,C,200,12.12.23,97.754,4.09,5.91,20.9.23,400,5
Goe47,Goe47S1,7.22,Andrena flavipes,yes,1,C,300,19.9.23,772.405,1.04,8.96,20.9.23,800,10
Goe47,Goe47S2,7.22,Andrena flavipes,yes,2,C,300,19.9.23,476.142,1.68,8.32,20.9.23,800,10
Goe47,Goe47S3,7.22,Andrena flavipes,no,3,C,300,19.9.23,844.797,0.95,9.05,20.9.23,800,10
Goe47,Goe47S4,7.22,Andrena flavipes,yes,4,C,300,19.9.23,471.677,1.70,8.30,20.9.23,800,10
Goe47,Goe47S5,7.22,Lasioglossum calceatum,no,5,C,300,19.9.23,935.995,0.85,9.15,20.9.23,800,10
Goe47,Goe47S6,7.22,Andrena flavipes,no,6,C,300,19.9.23,722.486,1.11,8.89,20.9.23,800,10
Goe47,Goe47S7,7.22,Andrena flavipes,yes,7,C,300,19.9.23,292.92,2.73,7.27,20.9.23,800,10
Goe47,Goe47S8,7.22,Andrena flavipes,yes,8,C,300,19.9.23,726.254,1.10,8.90,20.9.23,800,10
Goe47,Goe47S9,7.22,Andrena flavipes,yes,9,C,300,19.9.23,606.517,1.32,8.68,20.9.23,800,10
Goe47,Goe47S10,7.22,Andrena flavipes,yes,10,C,300,19.9.23,389.347,2.05,7.95,20.9.23,800,10
Goe595,Goe595S1,7.22,Melitta leporina,no,1,C,300,19.9.23,665.024,1.20,8.80,20.9.23,800,10
Goe595,Goe595S2,7.22,Andrena flavipes,yes,2,C,300,19.9.23,629.945,1.27,8.73,20.9.23,800,10
Goe595,Goe595S3,7.22,Andrena flavipes,yes,3,C,300,19.9.23,821.736,0.97,9.03,20.9.23,800,10
Goe595,Goe595S4,7.22,Orisarma intermedium,yes,4,C,300,19.9.23,822.081,0.97,9.03,20.9.23,800,10
Goe595,Goe595S5,7.22,Andrena bicolor,yes,5,C,300,19.9.23,382.783,2.09,7.91,20.9.23,800,10
Goe595,Goe595S6,7.22,Oedogonium sp. BN3,yes,6,C,300,19.9.23,503.161,1.59,8.41,20.9.23,800,10
Goe595,Goe595S7,7.22,Andrena bicolor,no,7,C,300,19.9.23,287.685,2.78,7.22,20.9.23,800,10
Goe595,Goe595S8,7.22,Melitta leporina,yes,8,C,300,19.9.23,401.512,1.99,8.01,20.9.23,800,10
Goe595,Goe595S9,7.22,Eucera nigrescens,yes,9,C,300,19.9.23,327.692,2.44,7.56,20.9.23,800,10
Goe595,Goe595S10,7.22,Eucera nigrescens,no,10,C,300,19.9.23,832.776,0.96,9.04,20.9.23,800,10
Goe595,Goe595S11,7.22,,no,11,C,200,12.12.23,31.179,5.13,4.87,20.9.23,160,2
Goe595,Goe595S12,7.22,,no,12,C,200,12.12.23,19.649,8.14,1.86,20.9.23,160,2
Goe595,Goe595S13,7.22,Lasioglossum pauxillum,no,13,C,150,12.12.23,18.79,8.52,1.48,20.9.23,160,2
Goe595,Goe595S14,7.22,Lasioglossum pauxillum,no,14,C,150,12.12.23,31.114,5.14,4.86,20.9.23,160,2
Goe595,Goe595S15,7.22,,no,15,C,150,12.12.23,24.634,6.50,3.50,20.9.23,160,2
Goe595,Goe595S16,7.22,Lasioglossum pauxillum,no,16,C,150,12.12.23,35.9,4.46,5.54,20.9.23,160,2
Goe595,Goe595S17,7.22,Lasioglossum pauxillum,no,17,C,150,12.12.23,43.643,3.67,6.33,20.9.23,160,2
Goe595,Goe595S18,7.22,Lasioglossum pauxillum,no,18,C,150,12.12.23,18.528,8.64,1.36,20.9.23,160,2
Goe598,Goe598S1,7.22,Colletes daviesanus,no,1,C,300,19.9.23,222.26,3.60,6.40,20.9.23,800,10
Goe598,Goe598S2,7.22,Andrena bicolor,no,2,C,200,19.9.23,101.036,3.96,6.04,20.9.23,400,10
Goe598,Goe598S3,7.22,Lasioglossum calceatum,no,3,C,200,19.9.23,156.381,5.12,4.88,20.9.23,800,10
Goe598,Goe598S4,7.22,Andrena flavipes,yes,4,C,300,19.9.23,495.108,1.62,8.38,20.9.23,800,10
Goe598,Goe598S5,7.22,Andrena bicolor,no,5,C,200,19.9.23,60.284,3.98,6.02,20.9.23,240,5
Goe598,Goe598S6,7.22,Colletes daviesanus,no,6,C,200,19.9.23,315.821,2.53,7.47,20.9.23,800,10
Goe598,Goe598S7,7.22,Andrena flavipes,yes,7,C,300,19.9.23,983.87,0.81,9.19,20.9.23,800,10
Goe598,Goe598S8,7.22,Andrena dorsata,yes,8,C,300,19.9.23,239.062,3.35,6.65,20.9.23,800,10
Goe598,Goe598S9,7.22,Andrena flavipes,yes,9,C,300,19.9.23,545.745,1.47,8.53,20.9.23,800,10
Goe598,Goe598S10,7.22,Andrena bicolor,no,10,C,300,19.9.23,387.907,2.06,7.94,20.9.23,800,10
Goe598,Goe598S11,7.22,,no,11,C,150,12.12.23,22.232,7.20,2.80,20.9.23,160,2
Goe598,Goe598S12,7.22,Hylaeus communis,no,12,C,150,12.12.23,30.563,5.24,4.76,20.9.23,160,2
Goe598,Goe598S13,7.22,Hylaeus communis,no,13,C,150,12.12.23,189.788,2.11,7.89,20.9.23,400,5
Goe598,Goe598S14,7.22,Lasioglossum pauxillum,no,14,C,150,12.12.23,37.791,4.23,5.77,20.9.23,160,2
Goe598,Goe598S15,7.22,Lasioglossum pauxillum,no,15,C,150,12.12.23,88.647,2.71,7.29,20.9.23,240,3
Goe598,Goe598S16,7.22,Lasioglossum pauxillum,no,16,C,150,12.12.23,36.957,4.33,5.67,20.9.23,160,2
Goe901_2,Goe901_2S1,7.22,Andrena flavipes,yes,1,C,300,22.9.23,733.222,1.09,8.91,25.9.23,800,10
Goe901_2,Goe901_2S2,7.22,Andrena flavipes,no,2,C,300,22.9.23,129.705,3.08,6.92,25.9.23,400,5
Goe901_2,Goe901_2S3,7.22,Andrena flavipes,no,3,C,300,22.9.23,94.726,4.22,5.78,25.9.23,400,5
Goe901_2,Goe901_2S4,7.22,Melitta leporina,yes,4,C,300,22.9.23,563.09,1.42,8.58,25.9.23,800,10
Goe901_2,Goe901_2S5,7.22,Andrena flavipes,no,5,C,300,22.9.23,542.103,1.48,8.52,25.9.23,800,10
Goe901_2,Goe901_2S6,7.22,Melitta leporina,no,6,C,300,22.9.23,463.712,1.73,8.27,25.9.23,800,10
Goe901_2,Goe901_2S7,7.22,Andrena flavipes,yes,7,C,300,22.9.23,991.79,0.81,9.19,25.9.23,800,10
Goe901_2,Goe901_2S8,7.22,Andrena flavipes,no,8,C,300,22.9.23,771.169,1.04,8.96,25.9.23,800,10
Goe901_2,Goe901_2S9,7.22,Melitta leporina,no,9,C,300,22.9.23,273.009,2.93,7.07,25.9.23,800,10
Goe901_2,Goe901_2S10,7.22,Andrena flavipes,no,10,C,300,22.9.23,697.746,1.15,8.85,25.9.23,800,10
Goe901_2,Goe901_2S11,7.22,Andrena minutula,no,11,C,200,12.12.23,65.425,2.45,7.55,25.9.23,160,2
Goe901_2,Goe901_2S12,7.22,,no,12,C,200,12.12.23,16.656,9.61,0.39,25.9.23,160,2
Goe901_2,Goe901_2S13,7.22,Andrena gravida,no,13,C,200,12.12.23,13.421,11.92,-1.92,25.9.23,160,2
Gos1,Gos1S1,7.22,Andrena flavipes,yes,1,C,300,22.9.23,526.428,1.52,8.48,25.9.23,800,10
Gos1,Gos1S2,7.22,Andrena flavipes,yes,2,C,300,22.9.23,548.223,1.46,8.54,25.9.23,800,10
Gos1,Gos1S3,7.22,Andrena flavipes,yes,3,C,300,22.9.23,1039.783,0.77,9.23,25.9.23,800,10
Gos1,Gos1S4,7.22,Andrena flavipes,yes,4,C,300,22.9.23,1137.367,0.70,9.30,25.9.23,800,10
Gos1,Gos1S5,7.22,Andrena flavipes,yes ,5,C,300,22.9.23,707.123,1.13,8.87,25.9.23,800,10
Gos1,Gos1S6,7.22,Andrena flavipes,yes,6,C,300,22.9.23,443.502,1.80,8.20,25.9.23,800,10
Gos1,Gos1S7,7.22,Andrena flavipes,no,7,C,300,22.9.23,811.898,0.99,9.01,25.9.23,800,10
Gos1,Gos1S8,7.22,Andrena dorsata,yes,8,C,300,22.9.23,848.244,0.94,9.06,25.9.23,800,10
Gos1,Gos1S9,7.22,Andrena flavipes,no,9,C,300,22.9.23,687.262,1.16,8.84,25.9.23,800,10
Gos1,Gos1S10,7.22,Orasema occidentalis,yes,10,C,300,22.9.23,1068.78,0.75,9.25,25.9.23,800,10
Gos1,Gos1S11,7.22,Andrena flavipes,yes,11,C,500,12.12.23,513.824,1.56,8.44,25.9.23,800,10
Gos2,Gos2S1,7.22,Andrena wilkella,no,1,C,300,22.9.23,648.8,1.23,8.77,25.9.23,800,10
Gos2,Gos2S2,7.22,Eucera longicornis,no,2,C,500,22.9.23,118.843,3.37,6.63,25.9.23,400,5
Gos2,Gos2S3,7.22,Eucera longicornis,no,3,C,500,22.9.23,131.777,3.04,6.96,25.9.23,400,5
Gos2,Gos2S4,7.22,Andrena flavipes,yes,4,C,300,22.9.23,717.851,1.11,8.89,25.9.23,800,10
Gos2,Gos2S5,7.22,Andrena ovatula,yes,5,C,300,5.10.23,842.573,0.95,9.05,25.9.23,800,10
Gos2,Gos2S6,7.22,Andrena flavipes,yes,6,C,300,5.10.23,935.447,0.86,9.14,25.9.23,800,10
Gos2,Gos2S7,7.22,Andrena ovatula,yes,7,C,300,5.10.23,708.685,1.13,8.87,6.10.23,800,10
Gos2,Gos2S8,7.22,Andrena wilkella,yes,8,C,300,5.10.23,648.66,1.23,8.77,6.10.23,800,10
Gos2,Gos2S9,7.22,Andrena flavipes,yes,9,C,300,5.10.23,873.105,0.92,9.08,6.10.23,800,10
Gos2,Gos2S10,7.22,Andrena ovatula,yes,10,C,300,5.10.23,788.071,1.02,8.98,6.10.23,800,10
Gos2,Gos2S11,7.22,Sipha flava,no,11,C,200,12.12.23,113.267,3.53,6.47,6.10.23,400,5
Gos2,Gos2S12,7.22,,no,12,C,200,12.12.23,47.716,3.77,6.23,6.10.23,180,2
Nor1,Nor1S1,7.22,Andrena dorsata,no,1,C,300,5.10.23,442.624,1.81,8.19,6.10.23,800,10
Nor1,Nor1S2,7.22,Colletes daviesanus,no,2,C,300,5.10.23,1038.476,0.77,9.23,6.10.23,800,10
,,,,,,,,,519.238,1.54,8.46,6.10.23,800,10
Nor1,Nor1S3,7.22,Andrena flavipes,yes,3,C,300,5.10.23,525.741,1.52,8.48,6.10.23,800,10
Nor1,Nor1S4,7.22,Andrena bicolor,yes,4,C,300,5.10.23,570.817,1.40,8.60,6.10.23,800,10
Nor1,Nor1S5,7.22,Halictus rubicundus,no,5,C,300,5.10.23,396.481,2.02,7.98,6.10.23,800,10
Nor1,Nor1S6,7.22,Andrena bicolor,no,6,C,300,5.10.23,635.368,1.26,8.74,6.10.23,800,10
Nor1,Nor1S7,7.22,Andrena bicolor,no,7,C,300,5.10.23,625.476,1.28,8.72,6.10.23,800,10
Nor1,Nor1S8,7.22,Lasioglossum calceatum,no,8,C,300,5.10.23,238.935,3.35,6.65,6.10.23,800,10
Nor1,Nor1S9,7.22,Andrena bicolor,no,9,C,300,5.10.23,515.354,1.55,8.45,6.10.23,800,10
Nor1,Nor1S10,7.22,Andrena dorsata,yes,10,C,300,5.10.23,753.296,1.06,8.94,6.10.23,800,10
Nor1,Nor1S11,7.22,Andrena convexifrons,no,11,C,300,13.12.23,157.125,2.55,7.45,6.10.23,400,5
Nor1070,Nor1070S1,7.22,Andrena flavipes,no,1,C,300,5.10.23,188.75,2.12,7.88,6.10.23,400,5
Nor1070,Nor1070S2,7.22,Andrena flavipes,no,2,C,300,5.10.23,873.012,0.92,9.08,6.10.23,800,10
Nor1070,Nor1070S3,7.22,Andrena flavipes,no,3,C,500,5.10.23,32.094,4.99,5.01,6.10.23,160,10
Nor1070,Nor1070S4,7.22,Andrena bicolor,yes,4,C,500,5.10.23,420.682,1.90,8.10,6.10.23,800,10
Nor1070,Nor1070S5,7.22,Colletes daviesanus,yes,5,C,500,5.10.23,306.535,2.61,7.39,6.10.23,800,10
Nor1070,Nor1070S6,7.22,Andrena flavipes,no,6,C,500,5.10.23,144.111,2.78,7.22,6.10.23,400,10
Nor1070,Nor1070S7,7.22,Andrena flavipes,yes,7,C,500,5.10.23,731.63,1.09,8.91,6.10.23,800,10
Nor1070,Nor1070S8,7.22,Andrena bicolor,yes,8,C,300,5.10.23,441.137,1.81,8.19,6.10.23,800,10
Nor1070,Nor1070S9,7.22,Andrena flavipes,yes,9,C,300,5.10.23,314.685,2.54,7.46,6.10.23,800,10
Nor1070,Nor1070S10,7.22,Andrena flavipes,yes,10,C,500,5.10.23,747.833,1.07,8.93,6.10.23,800,10
Nor1070,Nor1070S11,7.22,Lasioglossum pauxillum,no,11,C,150,13.12.23,26.879,5.95,4.05,6.10.23,160,2
Nor1145,Nor1145S1,7.22,Andrena flavipes,yes,1,C,500,5.10.23,830.58,0.96,9.04,6.10.23,800,10
Nor1145,Nor1145S2,7.22,Andrena flavipes,no,2,C,500,5.10.23,774.139,1.03,8.97,6.10.23,800,10
Nor1145,Nor1145S3,7.22,Andrena flavipes,yes,3,C,500,5.10.23,869.794,0.92,9.08,6.10.23,800,10
Nor1145,Nor1145S4,7.22,Andrena dorsata,no,4,C,500,5.10.23,594.247,1.35,8.65,6.10.23,800,10
Nor1145,Nor1145S5,7.22,Andrena flavipes,yes,5,C,500,5.10.23,665.775,1.20,8.80,6.10.23,800,10
Nor1145,Nor1145S6,7.22,Andrena flavipes,no,6,C,500,5.10.23,151.643,2.64,7.36,6.10.23,400,5
Nor1145,Nor1145S7,7.22,Andrena flavipes,yes,7,C,500,5.10.23,874.301,0.92,9.08,6.10.23,800,10
Nor1145,Nor1145S8,7.22,Andrena flavipes,no,8,C,500,5.10.23,677.556,1.18,8.82,6.10.23,800,10
Nor1145,Nor1145S9,7.22,Andrena flavipes,yes,9,C,500,5.10.23,178.048,2.25,7.75,6.10.23,400,5
Nor1145,Nor1145S10,7.22,Andrena bicolor,yes,10,C,500,5.10.23,685.315,1.17,8.83,6.10.23,800,10
Nor174,Nor174S1,7.22,Andrena bicolor,no,1,C,500,13.10.23,210.698,1.90,8.10,24.10.23,400,5
Nor174,Nor174S2,7.22,Trypoxylon splendidum,yes,2,C,500,13.10.23,538.664,1.49,8.51,24.10.23,800,10
Nor174,Nor174S3,7.22,,no,3,C,500,13.10.23,290.986,1.37,8.63,24.10.23,400,5
Nor174,Nor174S4,7.22,,yes,4,C,500,13.10.23,248.835,1.61,8.39,24.10.23,400,5
Nor174,Nor174S5,7.22,Lasioglossum parvulum,no,5,C,500,13.10.23,423.46,1.89,8.11,24.10.23,800,10
Nor174,Nor174S6,7.22,,yes,6,C,500,13.10.23,691.054,1.16,8.84,24.10.23,800,10
Nor174,Nor174S7,7.22,Andrena dorsata,no,7,C,150,13.10.23,69.319,2.31,7.69,24.10.23,160,2
Nor174,Nor174S8,7.22,Lasioglossum villosulum,no,8,C,150,13.10.23,53.435,2.99,7.01,24.10.23,160,2
Nor174,Nor174S9,7.22,,no,9,C,150,13.10.23,47.738,3.35,6.65,24.10.23,160,2
Nor174,Nor174S10,7.22,Andrena flavipes,no,10,C,150,13.10.23,379.498,1.05,8.95,24.10.23,400,5
Nor174,Nor174S11,7.22,Andrena flavipes,no,11,C,200,13.12.23,35.89,4.46,5.54,24.10.23,160,2
Nor264,Nor264S1,7.22,Andrena minutula,no,1,C,150,13.10.23,199.193,2.01,7.99,24.10.23,400,5
Nor264,Nor264S2,7.22,Andrena flavipes,no,2,C,150,13.10.23,34.856,4.59,5.41,24.10.23,160,2
Nor264,Nor264S3,7.22,Andrena minutula,no,3,C,150,13.10.23,239.365,3.34,6.66,24.10.23,800,10
Nor264,Nor264S4,7.22,Andrena minutula,no,4,C,150,13.10.23,242.077,3.30,6.70,24.10.23,800,10
Nor264,Nor264S5,7.22,Andrena minutuloides,no,5,C,150,13.10.23,231.477,3.46,6.54,24.10.23,800,10
Nor264,Nor264S6,7.22,Andrena minutula,no,6,C,150,13.10.23,319.882,2.50,7.50,24.10.23,800,10
Nor264,Nor264S7,7.22,Andrena minutula,no,7,C,150,13.10.23,251.529,3.18,6.82,24.10.23,800,10
Nor264,Nor264S8,7.22,Andrena minutula,no,8,C,150,13.10.23,229.013,3.49,6.51,24.10.23,800,10
Nor264,Nor264S9,7.22,Andrena minutula,no,9,C,150,13.10.23,115.446,2.08,7.92,24.10.23,240,3
Nor264,Nor264S10,7.22,Andrena minutula,no,10,C,150,13.10.23,254.069,3.15,6.85,24.10.23,800,10
Nor39,Nor39S1,7.22,Andrena flavipes,yes,1,C,500,13.10.23,558.165,1.43,8.57,24.10.23,800,10
Nor39,Nor39S2,7.22,Andrena flavipes,yes,2,C,500,13.10.23,543.854,1.47,8.53,24.10.23,800,10
Nor39,Nor39S3,7.22,Andrena labialis,no,3,C,500,13.10.23,561.07,1.43,8.57,24.10.23,800,10
Nor39,Nor39S4,7.22,Andrena flavipes,yes,4,C,500,13.10.23,424.45,1.88,8.12,24.10.23,800,10
Nor39,Nor39S5,7.22,Andrena flavipes,yes,5,C,500,13.10.23,565.566,1.41,8.59,24.10.23,800,10
Nor39,Nor39S6,7.22,Andrena flavipes,no,6,C,500,13.10.23,83.4,1.92,8.08,24.10.23,160,2
Nor39,Nor39S7,7.22,Halictus rubicundus,yes,7,C,500,13.10.23,344.526,2.32,7.68,24.10.23,800,10
Nor39,Nor39S8,7.22,Andrena flavipes,yes,8,C,500,13.10.23,769.515,1.04,8.96,24.10.23,800,10
Nor39,Nor39S9,7.22,Andrena flavipes,yes,9,C,500,13.10.23,655.551,1.22,8.78,24.10.23,800,10
Nor39,Nor39S10,7.22,Andrena flavipes,yes,10,C,500,13.10.23,663.963,1.20,8.80,24.10.23,800,10
Nor508,Nor508S1,7.22,Andrena flavipes,yes,1,C,500,13.10.23,814.05,0.98,9.02,24.10.23,800,10
Nor508,Nor508S2,7.22,Andrena flavipes,yes,2,C,500,13.10.23,504.502,1.59,8.41,24.10.23,800,10
Nor508,Nor508S3,7.22,Andrena flavipes,no,3,C,500,13.10.23,739.435,1.08,8.92,24.10.23,800,10
Nor508,Nor508S4,7.22,Andrena flavipes,yes,4,C,500,13.10.23,630.88,1.27,8.73,24.10.23,800,10
Nor508,Nor508S5,7.22,Andrena flavipes,no,5,C,500,13.10.23,472.087,1.69,8.31,24.10.23,800,10
Nor508,Nor508S6,7.22,Andrena flavipes,yes,6,C,500,13.10.23,703.892,1.14,8.86,24.10.23,800,10
Nor508,Nor508S7,7.22,Andrena flavipes,yes,7,C,500,1.11.23,498.621,1.60,8.40,3.11.23,800,10
Nor508,Nor508S8,7.22,Andrena flavipes,no,8,C,500,1.11.23,634.875,1.26,8.74,3.11.23,800,10
Nor508,Nor508S9,7.22,Andrena flavipes,yes,9,C,500,1.11.23,535.743,1.49,8.51,3.11.23,800,10
Nor508,Nor508S10,7.22,Andrena flavipes,no,10,C,500,1.11.23,709.973,1.13,8.87,3.11.23,800,10
Nor578,Nor578S1,7.22,Andrena flavipes,no,1,C,500,1.11.23,380.645,2.10,7.90,3.11.23,800,10
Nor578,Nor578S2,7.22,Andrena flavipes,no,2,C,500,1.11.23,268.813,2.98,7.02,3.11.23,800,10
Nor578,Nor578S3,7.22,Andrena flavipes,no,3,C,500,1.11.23,440.372,1.82,8.18,3.11.23,800,10
Nor578,Nor578S4,7.22,Andrena flavipes,no,4,C,500,1.11.23,474.487,1.69,8.31,3.11.23,800,10
Nor578,Nor578S5,7.22,Andrena flavipes,no,5,C,500,1.11.23,431.004,1.86,8.14,3.11.23,800,10
Nor578,Nor578S6,7.22,Andrena flavipes,no,6,C,500,1.11.23,481.072,1.66,8.34,3.11.23,800,10
Nor578,Nor578S7,7.22,Andrena flavipes,no,7,C,500,1.11.23,425.387,1.88,8.12,3.11.23,800,10
Nor578,Nor578S8,7.22,Andrena flavipes,no,8,C,500,1.11.23,379.103,2.11,7.89,3.11.23,800,10
Nor578,Nor578S9,7.22,,no,9,C,500,1.11.23,61.596,2.60,7.40,3.11.23,160,2
Nor578,Nor578S10,7.22,Andrena flavipes,no,10,C,500,1.11.23,529.37,1.51,8.49,3.11.23,800,10
Nor918,Nor918S1,7.22,Seladonia tumulorum,no,1,C,150,1.11.23,48.245,3.32,6.68,3.11.23,160,2
Nor918,Nor918S2,7.22,Seladonia tumulorum,no,2,C,150,1.11.23,103.548,2.32,7.68,3.11.23,240,3
Nor918,Nor918S3,7.22,Seladonia tumulorum,no,3,C,150,1.11.23,40.721,3.93,6.07,3.11.23,160,2
Nor918,Nor918S4,7.22,Seladonia tumulorum,no,4,C,150,1.11.23,62.291,2.57,7.43,3.11.23,160,2
Nor918,Nor918S5,7.22,Megalocoleus molliculus,no,5,C,150,1.11.23,72.366,3.32,6.68,3.11.23,240,3
Nor918,Nor918S6,7.22,Andrena minutula,no,6,C,150,1.11.23,228.873,3.50,6.50,3.11.23,800,10
Nor918,Nor918S7,7.22,Seladonia tumulorum,no,7,C,150,1.11.23,66.511,2.41,7.59,3.11.23,160,2
Nor918,Nor918S8,7.22,,no,8,C,150,1.11.23,121.395,1.98,8.02,3.11.23,240,3
Nor918,Nor918S9,7.22,Andrena flavipes,no,9,C,150,1.11.23,138.484,2.89,7.11,3.11.23,400,5
Nor918,Nor918S10,7.22,Andrena minutula,no,10,C,150,1.11.23,247.97,3.23,6.77,3.11.23,800,10
Nor918,Nor918S11,7.22,Andrena dorsata,?,1,P,500,28.03.24,460.593,1.74,8.26,28.03.24,800,10
Nor918,Nor918S12,7.22,Andrena dorsata,?,2,P,500,28.03.24,433.661,1.84,8.16,28.03.24,800,10
Nor918,Nor918S13,7.22,,?,3,P,500,28.03.24,576.003,1.39,8.61,28.03.24,800,10
Nor918,Nor918S14,7.22,Andrena dorsata,?,4,P,500,28.03.24,550.063,1.45,8.55,28.03.24,800,10
Nor918,Nor918S15,7.22,,?,5,P,500,28.03.24,269.034,2.97,7.03,28.03.24,800,10
Nor918,Nor918S16,7.22,,?,6,P,500,28.03.24,394.818,2.03,7.97,28.03.24,800,10
WM1249,WM1249S1,7.22,Andrena flavipes,yes,1,C,500,1.11.23,327.706,2.44,7.56,3.11.23,800,10
WM1249,WM1249S2,7.22,Andrena hattorfiana,no,2,C,500,1.11.23,351.685,2.27,7.73,3.11.23,800,10
WM1249,WM1249S3,7.22,Andrena bicolorata,yes,3,C,500,1.11.23,147.846,1.62,8.38,3.11.23,240,3
WM1249,WM1249S4,7.22,Andrena flavipes,no,4,C,500,1.11.23,489.943,1.63,8.37,3.11.23,800,10
WM1249,WM1249S5,7.22,Andrena flavipes,yes,5,C,500,1.11.23,429.744,1.86,8.14,3.11.23,800,10
WM1249,WM1249S6,7.22,,yes,6,C,500,1.11.23,203.846,1.96,8.04,3.11.23,400,5
WM1249,WM1249S7,7.22,,yes,7,C,500,1.11.23,177.148,2.26,7.74,3.11.23,400,5
WM1249,WM1249S8,7.22,Andrena flavipes,no,8,C,500,1.11.23,130.29,1.84,8.16,3.11.23,240,3
WM1249,WM1249S9,7.22,Andrena flavipes,yes,9,C,500,1.11.23,298.832,2.68,7.32,3.11.23,800,10
WM1249,WM1249S10,7.22,Andrena flavipes,no,10,C,500,1.11.23,736.623,1.09,8.91,3.11.23,800,10
WM1316,WM1316S1,7.22,Colletes daviesanus,no,1,C,200,1.11.23,43.388,3.69,6.31,3.11.23,160,2
WM1316,WM1316S2,7.22,Colletes daviesanus,no,2,C,200,1.11.23,75.042,2.13,7.87,3.11.23,160,2
WM1316,WM1316S3,7.22,,no,3,C,500,13.12.23,49.885,3.21,6.79,3.11.23,160,2
WM1316,WM1316S4,7.22,Megachile pilidens,no,4,C,500,13.12.23,209.3,3.82,6.18,3.11.23,800,10
WM1316,WM1316S5,7.22,Colletes daviesanus,no,5,C,300,13.12.23,52.676,3.04,6.96,3.11.23,160,2
WM1316,WM1316S6,7.22,,no,6,C,500,13.12.23,83.03,2.89,7.11,3.11.23,240,3
WM1316,WM1316S7,7.22,Colletes daviesanus,no,7,C,300,13.12.23,223.378,3.58,6.42,3.11.23,800,10
WM1316,WM1316S8,7.22,,no,8,C,500,13.12.23,120.96,3.31,6.69,3.11.23,400,5
WM1316,WM1316S9,7.22,Andrena flavipes,no,9,C,500,13.12.23,119.353,3.35,6.65,3.11.23,400,5
WM1316,WM1316S10,7.22,Andrena flavipes,yes,10,C,500,13.12.23,207.854,3.85,6.15,3.11.23,800,10
WM32,WM32S1,7.22,Andrena flavipes,no,1,C,500,13.12.23,324.873,2.46,7.54,3.11.23,800,10
WM32,WM32S2,7.22,Andrena flavipes,no,2,C,300,9.1.24,158.462,2.52,7.48,3.11.23,400,5
WM32,WM32S3,7.22,Andrena flavipes,no,3,C,300,9.1.24,120.913,3.31,6.69,3.11.23,400,5
WM32,WM32S4,7.22,,no,4,C,300,9.1.24,97.331,2.47,7.53,3.11.23,240,3
WM32,WM32S5,7.22,,no,5,C,300,9.1.24,78.774,3.05,6.95,3.11.23,240,3
WM32,WM32S6,7.22,Andrena flavipes,yes,6,C,500,9.1.24,142.833,2.80,7.20,3.11.23,400,5
WM32,WM32S7,7.22,Andrena flavipes,no,7,C,500,9.1.24,114.8,3.48,6.52,3.11.23,400,5
WM32,WM32S8,7.22,Andrena flavipes,no,8,C,500,9.1.24,541.038,1.48,8.52,3.11.23,800,10
WM32,WM32S9,7.22,Andrena flavipes,yes,9,C,500,9.1.24,128.742,3.11,6.89,3.11.23,400,5
WM32,WM32S10,7.22,Andrena flavipes,yes,10,C,500,9.1.24,146.125,2.74,7.26,3.11.23,400,5
WM597,WM597S1,7.22,Andrena flavipes,yes,1,C,500,9.1.24,155.686,2.57,7.43,3.11.23,400,5
WM597,WM597S2,7.22,Andrena flavipes,yes,2,C,500,9.1.24,180.956,4.42,5.58,3.11.23,800,10
WM597,WM597S3,7.22,Andrena flavipes,yes,3,C,500,9.1.24,133.08,3.01,6.99,3.11.23,400,5
WM597,WM597S4,7.22,Andrena flavipes,no,4,C,500,9.1.24,134.721,2.97,7.03,3.11.23,400,5
WM597,WM597S5,7.22,Andrena flavipes,yes,5,C,500,9.1.24,179.583,4.45,5.55,3.11.23,800,10
WM597,WM597S6,7.22,Andrena flavipes,yes,6,C,500,9.1.24,160.56,2.49,7.51,3.11.23,400,5
WM597,WM597S7,7.22,Andrena flavipes,yes,7,C,500,9.1.24,175.973,4.55,5.45,3.11.23,800,10
WM597,WM597S8,7.22,Andrena flavipes,yes,8,C,500,9.1.24,124.446,3.21,6.79,3.11.23,400,5
WM597,WM597S9,7.22,Andrena flavipes,yes,9,C,500,9.1.24,175.843,4.55,5.45,3.11.23,800,10
WM597,WM597S10,7.22,Andrena flavipes,yes,10,C,500,9.1.24,113.889,3.51,6.49,3.11.23,400,5
WM630,WM630S1,7.22,Andrena flavipes,yes,1,C,500,9.1.24,200.462,3.99,6.01,3.11.23,800,10
WM630,WM630S2,7.22,Andrena flavipes,yes,2,C,500,9.1.24,169.166,2.36,7.64,3.11.23,400,5
WM630,WM630S3,7.22,Andrena flavipes,no,3,C,500,9.1.24,269.996,2.96,7.04,3.11.23,800,10
WM630,WM630S4,7.22,Andrena flavipes,no,4,C,500,9.1.24,124.625,3.21,6.79,3.11.23,400,5
WM630,WM630S5,7.22,Andrena flavipes,yes,5,C,500,9.1.24,219.115,3.65,6.35,3.11.23,800,10
WM630,WM630S6,7.22,Andrena flavipes,yes,6,C,500,9.1.24,176.691,2.26,7.74,3.11.23,400,5
WM630,WM630S7,7.22,Andrena flavipes,no,7,C,500,9.1.24,354.32,2.26,7.74,3.11.23,800,10
WM630,WM630S8,7.22,Andrena flavipes,no,8,C,500,9.1.24,142.833,2.80,7.20,3.11.23,400,5
WM630,WM630S9,7.22,Andrena flavipes,no,9,C,500,9.1.24,147.959,2.70,7.30,3.11.23,400,5
WM630,WM630S10,7.22,Andrena flavipes,no,10,C,500,9.1.24,146.501,2.73,7.27,3.11.23,400,5